{
  "results": {
    "SVM (Semin)": {
      "train": {
        "RMSE": 0.7149289127380797,
        "MAE": 0.3313969370824819,
        "R2": 0.9952838925104939,
        "ACC3": 0.9920634920634921
      },
      "test": {
        "RMSE": 5.747533137503845,
        "MAE": 5.189284507993289,
        "R2": 0.44497946013205225,
        "ACC3": 0.6136363636363636
      }
    },
    "MLP (Evan)": {
      "train": {
        "RMSE": 10.75710514207905,
        "MAE": 9.024612866175818,
        "R2": -0.06769891210913226,
        "ACC3": 0.3472222222222222
      },
      "test": {
        "RMSE": 7.773750132469967,
        "MAE": 6.804874478446982,
        "R2": -0.015330055456808989,
        "ACC3": 0.3560606060606061
      }
    },
    "PINN (Donghyun)": {
      "train": {
        "RMSE": 0.46431491545517667,
        "MAE": 0.303236099011602,
        "R2": 0.9980107780484743,
        "ACC3": 0.9900793650793651
      },
      "test": {
        "RMSE": 0.4349467885203122,
        "MAE": 0.354482989321755,
        "R2": 0.9968215283303957,
        "ACC3": 0.9924242424242424
      }
    },
    "1D-CNN (Evan)": {
      "train": {
        "RMSE": 2.3378774766239916,
        "MAE": 2.210941955656842,
        "R2": 0.9495685486173224,
        "ACC3": 0.8531746031746031
      },
      "test": {
        "RMSE": 1.5534286114087732,
        "MAE": 1.3134591490258243,
        "R2": 0.9594558044912792,
        "ACC3": 0.8939393939393939
      }
    },
    "PI-1D-CNN (Evan)": {
      "train": {
        "RMSE": 2.511928494543378,
        "MAE": 2.0597799070134606,
        "R2": 0.9417799575069946,
        "ACC3": 0.8333333333333334
      },
      "test": {
        "RMSE": 3.3845948270988893,
        "MAE": 3.1792584283853706,
        "R2": 0.8075315891643625,
        "ACC3": 0.6287878787878788
      }
    }
  },
  "order": [
    "PINN (Donghyun)",
    "1D-CNN (Evan)",
    "PI-1D-CNN (Evan)",
    "SVM (Semin)",
    "MLP (Evan)"
  ],
  "n_train": 504,
  "n_test": 132
}