{
  "results": {
    "1D-CNN (Evan)": {
      "train": {
        "RMSE": 1.11646912985185,
        "MAE": 0.7255397697563123,
        "R2": 0.9876559205603568,
        "ACC3": 0.9775051124744376
      },
      "test": {
        "RMSE": 2.8364213692076974,
        "MAE": 2.5477471961027205,
        "R2": 0.8616535468393152,
        "ACC3": 0.7538461538461538
      }
    },
    "PI-1D-CNN (Evan)": {
      "train": {
        "RMSE": 2.2060091365213053,
        "MAE": 1.8175120593951475,
        "R2": 0.95180745265281,
        "ACC3": 0.9100204498977505
      },
      "test": {
        "RMSE": 4.056257371707106,
        "MAE": 3.442195053710012,
        "R2": 0.7170709515011592,
        "ACC3": 0.6923076923076923
      }
    },
    "PINN (Donghyun)": {
      "train": {
        "RMSE": 1.821727612158546,
        "MAE": 1.3875096795138353,
        "R2": 0.9671351124097658,
        "ACC3": 0.9447852760736196
      },
      "test": {
        "RMSE": 6.540658560970542,
        "MAE": 4.36678299475647,
        "R2": 0.2643529646918935,
        "ACC3": 0.5769230769230769
      }
    }
  },
  "order": [
    "1D-CNN (Evan)",
    "PI-1D-CNN (Evan)",
    "PINN (Donghyun)"
  ],
  "n_train": 489,
  "n_test": 130
}