cell_id,global_cycle_index,charge_cycle,n_points_original,charge_time_s,charge_Ah,V_000,V_001,V_002,V_003,V_004,V_005,V_006,V_007,V_008,V_009,V_010,V_011,V_012,V_013,V_014,V_015,V_016,V_017,V_018
B0005,1,1,789,7597.875,0.7803446054973215,3.873017221300996,4.191077562801999,4.187419504014827,4.2099486995035615,-0.001200660698297908,-0.002892444158252333,0.6434546691871927,0.648627015548
