cell_id,global_cycle_index,charge_cycle,n_points_original,charge_time_s,charge_Ah_calc,V_000,V_001,V_002
B0005,1,1,789,7597.875,0.7803446054973214,3.873017221300996,4.088091219703696,4.115446717744313
